[
        
    {
    "_id": "91",
    "_rev": "1-08de5ff2af2de0114e919dbf807ad257",
    "Ippan": false,
    "YumeNoIe": false,
    "G": false,
    "F": false,
    "A": false,
    "B": false,
    "iCube": true,
    "iSmart": true,
    "variety": "木調造作材",
    "hinban": "JW146",
    "buzai": "キッチン樹脂サッシ枠（引き違い)",
    "JWWFile": "JW146.jww",
    "DXFFile": "JW146.dxf",
    "documentType": "JWW"
    },
    {
    "_id": "910",
    "_rev": "1-3249f2537a3ecc6160ba6c0d64c96f8b",
    "Ippan": false,
    "YumeNoIe": false,
    "G": false,
    "F": false,
    "A": false,
    "B": false,
    "iCube": true,
    "iSmart": true,
    "variety": "階段関係　（260+）",
    "hinban": "16-S4DD11L",
    "buzai": "260+用パターン(通準幅階段)",
    "JWWFile": "185.8 16-S4DD11L 260+.jww",
    "DXFFile": "185.8 16-S4DD11L 260+.dxf",
    "documentType": "JWW"
    },
    {
    "_id": "911",
    "_rev": "1-9ac30900b1d739e5b6cfb58ffc0c3d9c",
    "Ippan": false,
    "YumeNoIe": false,
    "G": false,
    "F": false,
    "A": false,
    "B": false,
    "iCube": true,
    "iSmart": true,
    "variety": "階段関係　（260+）",
    "hinban": "16-S4DM9L",
    "buzai": "260+用パターン(通準幅階段)",
    "JWWFile": "185.8 16-S4DM9L 260+.jww",
    "DXFFile": "185.8 16-S4DM9L 260+.dxf",
    "documentType": "JWW"
    },
    {
    "_id": "912",
    "_rev": "1-6b173d676a7bb5f0a0332171cdf1c4ee",
    "Ippan": false,
    "YumeNoIe": false,
    "G": false,
    "F": false,
    "A": false,
    "B": false,
    "iCube": true,
    "iSmart": true,
    "variety": "階段関係　（260+）",
    "hinban": "16-S4M10L",
    "buzai": "260+用パターン(通準幅階段)",
    "JWWFile": "185.8 16-S4M10L 260+.jww",
    "DXFFile": "185.8 16-S4M10L 260+.dxf",
    "documentType": "JWW"
    },
    {
    "_id": "913",
    "_rev": "1-0ea65de58a28b034c6ad800b9bc9ea25",
    "Ippan": false,
    "YumeNoIe": false,
    "G": false,
    "F": false,
    "A": false,
    "B": false,
    "iCube": true,
    "iSmart": true,
    "variety": "階段関係　（260+）",
    "hinban": "16-S4MD9L",
    "buzai": "260+用パターン(通準幅階段)",
    "JWWFile": "185.8 16-S4MD9L 260+.jww",
    "DXFFile": "185.8 16-S4MD9L 260+.dxf",
    "documentType": "JWW"
    },
    {
    "_id": "914",
    "_rev": "1-5e91122a778d2ee0e6008234dec910c2",
    "Ippan": false,
    "YumeNoIe": false,
    "G": false,
    "F": false,
    "A": false,
    "B": false,
    "iCube": true,
    "iSmart": true,
    "variety": "階段関係　（260+）",
    "hinban": "16-S4MM7L",
    "buzai": "260+用パターン(通準幅階段)",
    "JWWFile": "185.8 16-S4MM7L 260+.jww",
    "DXFFile": "185.8 16-S4MM7R 260+.dxf",
    "documentType": "JWW"
    },
    {
    "_id": "915",
    "_rev": "1-0352310447f6ab7405a86da6c0766036",
    "Ippan": false,
    "YumeNoIe": false,
    "G": false,
    "F": false,
    "A": false,
    "B": false,
    "iCube": true,
    "iSmart": true,
    "variety": "階段関係　（260+）",
    "hinban": "16-S5D11L",
    "buzai": "260+用パターン(通準幅階段)",
    "JWWFile": "185.8 16-S5D11L 260+.jww",
    "DXFFile": "185.8 16-S5D11L 260+.dxf",
    "documentType": "JWW"
    },
    {
    "_id": "916",
    "_rev": "1-78a5c3bd42b9f37f6ce2d759a2f6a1d7",
    "Ippan": false,
    "YumeNoIe": false,
    "G": false,
    "F": false,
    "A": false,
    "B": false,
    "iCube": true,
    "iSmart": true,
    "variety": "階段関係　（260+）",
    "hinban": "16-S5DD10L",
    "buzai": "260+用パターン(通準幅階段)",
    "JWWFile": "185.8 16-S5DD10L 260+.jww",
    "DXFFile": "185.8 16-S5DD10L 260+.dxf",
    "documentType": "JWW"
    },
    {
    "_id": "917",
    "_rev": "1-5225cc5fad40c5f8915ea301baa7c3c6",
    "Ippan": false,
    "YumeNoIe": false,
    "G": false,
    "F": false,
    "A": false,
    "B": false,
    "iCube": true,
    "iSmart": true,
    "variety": "階段関係　（260+）",
    "hinban": "16-S5DM8L",
    "buzai": "260+用パターン(通準幅階段)",
    "JWWFile": "185.8 16-S5DM8L 260+.jww",
    "DXFFile": "185.8 16-S5DM8L 260+.dxf",
    "documentType": "JWW"
    },
    {
    "_id": "918",
    "_rev": "1-b61bcb597d3a6406af81fa700bd8c578",
    "Ippan": false,
    "YumeNoIe": false,
    "G": false,
    "F": false,
    "A": false,
    "B": false,
    "iCube": true,
    "iSmart": true,
    "variety": "階段関係　（260+）",
    "hinban": "16-S5M9L",
    "buzai": "260+用パターン(通準幅階段)",
    "JWWFile": "185.8 16-S5M9L 260+.jww",
    "DXFFile": "185.8 16-S5M9L 260+.dxf",
    "documentType": "JWW"
    },
    {
    "_id": "919",
    "_rev": "1-05a612b7be4113c1427e45d571150e7c",
    "Ippan": false,
    "YumeNoIe": false,
    "G": false,
    "F": false,
    "A": false,
    "B": false,
    "iCube": true,
    "iSmart": true,
    "variety": "階段関係　（260+）",
    "hinban": "16-S5MD8L",
    "buzai": "260+用パターン(通準幅階段)",
    "JWWFile": "185.8 16-S5MD8L 260+.jww",
    "DXFFile": "185.8 16-S5MD8L 260+.dxf",
    "documentType": "JWW"
    },
    {
    "_id": "92",
    "_rev": "1-6d5ec790bd18c23274185d30c82097e9",
    "Ippan": false,
    "YumeNoIe": false,
    "G": false,
    "F": false,
    "A": false,
    "B": false,
    "iCube": true,
    "iSmart": true,
    "variety": "木調造作材",
    "hinban": "JW191",
    "buzai": "キッチン樹脂サッシ枠（開き)",
    "JWWFile": "JW191.jww",
    "DXFFile": "JW191.dxf",
    "documentType": "JWW"
    },
    {
    "_id": "920",
    "_rev": "1-cf4d77df51ae8864ea2cf04b7d104ec2",
    "Ippan": false,
    "YumeNoIe": false,
    "G": false,
    "F": false,
    "A": false,
    "B": false,
    "iCube": true,
    "iSmart": true,
    "variety": "階段関係　（260+）",
    "hinban": "16-S5MM6L",
    "buzai": "260+用パターン(通準幅階段)",
    "JWWFile": "185.8 16-S5MM6L 260+.jww",
    "DXFFile": "185.8 16-S5MM6L 260+.dxf",
    "documentType": "JWW"
    },
    {
    "_id": "921",
    "_rev": "1-2bafe7e718e19d293028cf68d56ff65a",
    "Ippan": false,
    "YumeNoIe": false,
    "G": false,
    "F": false,
    "A": false,
    "B": false,
    "iCube": true,
    "iSmart": true,
    "variety": "階段関係　（260+）",
    "hinban": "16-S6D10L",
    "buzai": "260+用パターン(通準幅階段)",
    "JWWFile": "185.8 16-S6D10L 260+.jww",
    "DXFFile": "185.8 16-S6D10L 260+.dxf",
    "documentType": "JWW"
    },
    {
    "_id": "922",
    "_rev": "1-5375e2f4347d5ebbc2d06fd6ab4e52a7",
    "Ippan": false,
    "YumeNoIe": false,
    "G": false,
    "F": false,
    "A": false,
    "B": false,
    "iCube": true,
    "iSmart": true,
    "variety": "階段関係　（260+）",
    "hinban": "16-S6DD9L",
    "buzai": "260+用パターン(通準幅階段)",
    "JWWFile": "185.8 16-S6DD9L 260+.jww",
    "DXFFile": "185.8 16-S6DD9L 260+.dxf",
    "documentType": "JWW"
    },
    {
    "_id": "923",
    "_rev": "1-68469471cc5c744d719550b4e840512b",
    "Ippan": false,
    "YumeNoIe": false,
    "G": false,
    "F": false,
    "A": false,
    "B": false,
    "iCube": true,
    "iSmart": true,
    "variety": "階段関係　（260+）",
    "hinban": "16-S6M8L",
    "buzai": "260+用パターン(通準幅階段)",
    "JWWFile": "185.8 16-S6M8L 260+.jww",
    "DXFFile": "185.8 16-S6M8L 260+.dxf",
    "documentType": "JWW"
    },
    {
    "_id": "924",
    "_rev": "1-6de1eedb3085acba77f3e8f983f381cf",
    "Ippan": false,
    "YumeNoIe": false,
    "G": false,
    "F": false,
    "A": false,
    "B": false,
    "iCube": true,
    "iSmart": true,
    "variety": "階段関係　（260+）",
    "hinban": "16-S6MD7L",
    "buzai": "260+用パターン(通準幅階段)",
    "JWWFile": "185.8 16-S6MD7L 260+.jww",
    "DXFFile": "185.8 16-S6MD7L 260+.dxf",
    "documentType": "JWW"
    },
    {
    "_id": "925",
    "_rev": "1-67da65b7a2278d081ca3b3f068b85b27",
    "Ippan": false,
    "YumeNoIe": false,
    "G": false,
    "F": false,
    "A": false,
    "B": false,
    "iCube": true,
    "iSmart": true,
    "variety": "階段関係　（260+）",
    "hinban": "16-S6MM5L",
    "buzai": "260+用パターン(通準幅階段)",
    "JWWFile": "185.8 16-S6MM5L 260+.jww",
    "DXFFile": "185.8 16-S6MM5L 260+.dxf",
    "documentType": "JWW"
    },
    {
    "_id": "926",
    "_rev": "1-8f5afab91e88b9e224fcf2f6877910ae",
    "Ippan": false,
    "YumeNoIe": false,
    "G": false,
    "F": false,
    "A": false,
    "B": false,
    "iCube": true,
    "iSmart": true,
    "variety": "階段関係　（260+）",
    "hinban": "16-S7D9L",
    "buzai": "260+用パターン(通準幅階段)",
    "JWWFile": "185.8 16-S7D9L 260+.jww",
    "DXFFile": "185.8 16-S7D9L 260+.dxf",
    "documentType": "JWW"
    },
    {
    "_id": "927",
    "_rev": "1-e976ca54d6eb62562c5ad342247a336d",
    "Ippan": false,
    "YumeNoIe": false,
    "G": false,
    "F": false,
    "A": false,
    "B": false,
    "iCube": true,
    "iSmart": true,
    "variety": "階段関係　（260+）",
    "hinban": "16-S7DD8L",
    "buzai": "260+用パターン(通準幅階段)",
    "JWWFile": "185.8 16-S7DD8L 260+.jww",
    "DXFFile": "185.8 16-S7DD8L 260+.dxf",
    "documentType": "JWW"
    },
    {
    "_id": "928",
    "_rev": "1-04a44695076d53686c41c92ec0884295",
    "Ippan": false,
    "YumeNoIe": false,
    "G": false,
    "F": false,
    "A": false,
    "B": false,
    "iCube": true,
    "iSmart": true,
    "variety": "階段関係　（260+）",
    "hinban": "16-S7DM6L",
    "buzai": "260+用パターン(通準幅階段)",
    "JWWFile": "185.8 16-S7DM6L 260+.jww",
    "DXFFile": "185.8 16-S7DM6L 260+.dxf",
    "documentType": "JWW"
    },
    {
    "_id": "929",
    "_rev": "1-b37ea763b26a250d3f4d653bbbccb09e",
    "Ippan": false,
    "YumeNoIe": false,
    "G": false,
    "F": false,
    "A": false,
    "B": false,
    "iCube": true,
    "iSmart": true,
    "variety": "階段関係　（260+）",
    "hinban": "16-S7M7L",
    "buzai": "260+用パターン(通準幅階段)",
    "JWWFile": "185.8 16-S7M7L 260+.jww",
    "DXFFile": "185.8 16-S7M7L 260+.dxf",
    "documentType": "JWW"
    },
    {
    "_id": "93",
    "_rev": "1-763221adaad57d9c2121a1e378c5084c",
    "Ippan": false,
    "YumeNoIe": false,
    "G": false,
    "F": false,
    "A": false,
    "B": false,
    "iCube": true,
    "iSmart": true,
    "variety": "木調造作材",
    "hinban": "JW149",
    "buzai": "キッチン樹脂サッシ枠（引き違い・準耐火)",
    "JWWFile": "JW149.jww",
    "DXFFile": "JW149.dxf",
    "documentType": "JWW"
    },
    {
    "_id": "930",
    "_rev": "1-3dc8d78e29e8beab1c83183edda820da",
    "Ippan": false,
    "YumeNoIe": false,
    "G": false,
    "F": false,
    "A": false,
    "B": false,
    "iCube": true,
    "iSmart": true,
    "variety": "階段関係　（260+）",
    "hinban": "16-S7MD6L",
    "buzai": "260+用パターン(通準幅階段)",
    "JWWFile": "185.8 16-S6MD7L 260+.jww",
    "DXFFile": "185.8 16-S7MD6R 260+.dxf",
    "documentType": "JWW"
    },
    {
    "_id": "931",
    "_rev": "1-f5a946ebb528d308748006a0824acd84",
    "Ippan": false,
    "YumeNoIe": false,
    "G": false,
    "F": false,
    "A": false,
    "B": false,
    "iCube": true,
    "iSmart": true,
    "variety": "階段関係　（260+）",
    "hinban": "16-S7MM4L",
    "buzai": "260+用パターン(通準幅階段)",
    "JWWFile": "185.8 16-S7MM4L 260+.jww",
    "DXFFile": "185.8 16-S7MM4L 260+.dxf",
    "documentType": "JWW"
    },
    {
    "_id": "932",
    "_rev": "1-e03e5695d31524d709cb7e88dbf5be38",
    "Ippan": false,
    "YumeNoIe": false,
    "G": false,
    "F": false,
    "A": false,
    "B": false,
    "iCube": true,
    "iSmart": true,
    "variety": "階段関係　（260+）",
    "hinban": "16-S8D8L",
    "buzai": "260+用パターン(通準幅階段)",
    "JWWFile": "185.8 16-S8D8L 260+.jww",
    "DXFFile": "185.8 16-S8D8L 260+.dxf",
    "documentType": "JWW"
    },
    {
    "_id": "933",
    "_rev": "1-aacbba963ca90e55a24c03265c687e51",
    "Ippan": false,
    "YumeNoIe": false,
    "G": false,
    "F": false,
    "A": false,
    "B": false,
    "iCube": true,
    "iSmart": true,
    "variety": "階段関係　（260+）",
    "hinban": "16-S8DD7L",
    "buzai": "260+用パターン(通準幅階段)",
    "JWWFile": "185.8 16-S8DD7L 260+.jww",
    "DXFFile": "185.8 16-S8DD7L 260+.dxf",
    "documentType": "JWW"
    },
    {
    "_id": "934",
    "_rev": "1-ab6321d036229901f23d6d78e8e5da4b",
    "Ippan": false,
    "YumeNoIe": false,
    "G": false,
    "F": false,
    "A": false,
    "B": false,
    "iCube": true,
    "iSmart": true,
    "variety": "階段関係　（260+）",
    "hinban": "16-S8DM5L",
    "buzai": "260+用パターン(通準幅階段)",
    "JWWFile": "185.8 16-S8DM5L 260+.jww",
    "DXFFile": "185.8 16-S8DM5L 260+.dxf",
    "documentType": "JWW"
    },
    {
    "_id": "935",
    "_rev": "1-8bf3e88060ad110073317c16bd8fd665",
    "Ippan": false,
    "YumeNoIe": false,
    "G": false,
    "F": false,
    "A": false,
    "B": false,
    "iCube": true,
    "iSmart": true,
    "variety": "階段関係　（260+）",
    "hinban": "16-S8M6L",
    "buzai": "260+用パターン(通準幅階段)",
    "JWWFile": "185.8 16-S8M6L 260+.jww",
    "DXFFile": "185.8 16-S8M6L 260+.dxf",
    "documentType": "JWW"
    },
    {
    "_id": "936",
    "_rev": "1-e9876a32754aa47ebc16b69c9e35e605",
    "Ippan": false,
    "YumeNoIe": false,
    "G": false,
    "F": false,
    "A": false,
    "B": false,
    "iCube": true,
    "iSmart": true,
    "variety": "階段関係　（260+）",
    "hinban": "16-S8MD5L",
    "buzai": "260+用パターン(通準幅階段)",
    "JWWFile": "185.8 16-S8DM5L 260+.jww",
    "DXFFile": "185.8 16-S8MD5L 260+.dxf",
    "documentType": "JWW"
    },
    {
    "_id": "937",
    "_rev": "1-28366f2e43554c62221c7a761b395d49",
    "Ippan": false,
    "YumeNoIe": false,
    "G": false,
    "F": false,
    "A": false,
    "B": false,
    "iCube": true,
    "iSmart": true,
    "variety": "階段関係　（260+）",
    "hinban": "16-S8MM3L",
    "buzai": "260+用パターン(通準幅階段)",
    "JWWFile": "185.8 16-S8MM3L 260+.jww",
    "DXFFile": "185.8 16-S8MM3L 260+.dxf",
    "documentType": "JWW"
    },
    {
    "_id": "938",
    "_rev": "1-d21d84e8467d352ea349a953b5e47ce9",
    "Ippan": false,
    "YumeNoIe": false,
    "G": false,
    "F": false,
    "A": false,
    "B": false,
    "iCube": true,
    "iSmart": true,
    "variety": "階段関係　（260+）",
    "hinban": "16-S9D7L",
    "buzai": "260+用パターン(通準幅階段)",
    "JWWFile": "185.8 16-S9D7L 260+.jww",
    "DXFFile": "185.8 16-S9D7L 260+.dxf",
    "documentType": "JWW"
    },
    {
    "_id": "939",
    "_rev": "1-43327aebb51e802cdc288e1566adad9c",
    "Ippan": false,
    "YumeNoIe": false,
    "G": false,
    "F": false,
    "A": false,
    "B": false,
    "iCube": true,
    "iSmart": true,
    "variety": "階段関係　（260+）",
    "hinban": "16-S9DD6L",
    "buzai": "260+用パターン(通準幅階段)",
    "JWWFile": "185.8 16-S9DD6L 260+.jww",
    "DXFFile": "185.8 16-S9DD6L 260+.dxf",
    "documentType": "JWW"
    },
    {
    "_id": "94",
    "_rev": "1-59f013ade293b3c2ecfb9560c24053d9",
    "Ippan": false,
    "YumeNoIe": false,
    "G": false,
    "F": false,
    "A": false,
    "B": false,
    "iCube": true,
    "iSmart": true,
    "variety": "木調造作材",
    "hinban": "JW194",
    "buzai": "キッチン樹脂サッシ枠（開き・準耐火)",
    "JWWFile": "JW194.jww",
    "DXFFile": "JW194.dxf",
    "documentType": "JWW"
    },
    {
    "_id": "940",
    "_rev": "1-4e3c3c355dd119ec3bad76b84766c640",
    "Ippan": false,
    "YumeNoIe": false,
    "G": false,
    "F": false,
    "A": false,
    "B": false,
    "iCube": true,
    "iSmart": true,
    "variety": "階段関係　（260+）",
    "hinban": "16-S9DM4L",
    "buzai": "260+用パターン(通準幅階段)",
    "JWWFile": "185.8 16-S9DM4L 260+.jww",
    "DXFFile": "185.8 16-S9DM4L 260+.dxf",
    "documentType": "JWW"
    },
    {
    "_id": "941",
    "_rev": "1-a6aaecd72a79a4575f7d7b9c2fd893fc",
    "Ippan": false,
    "YumeNoIe": false,
    "G": false,
    "F": false,
    "A": false,
    "B": false,
    "iCube": true,
    "iSmart": true,
    "variety": "階段関係　（260+）",
    "hinban": "16-S9M5L",
    "buzai": "260+用パターン(通準幅階段)",
    "JWWFile": "185.8 16-S9M5L 260+.jww",
    "DXFFile": "185.8 16-S9M5L 260+.dxf",
    "documentType": "JWW"
    },
    {
    "_id": "942",
    "_rev": "1-0da25308083f92a68c92f33f80f35d25",
    "Ippan": false,
    "YumeNoIe": false,
    "G": false,
    "F": false,
    "A": false,
    "B": false,
    "iCube": true,
    "iSmart": true,
    "variety": "階段関係　（260+）",
    "hinban": "16-S9MD4L",
    "buzai": "260+用パターン(通準幅階段)",
    "JWWFile": "185.8 16-S9MD4L 260+.jww",
    "DXFFile": "185.8 16-S9MD4L 260+.dxf",
    "documentType": "JWW"
    },
    {
    "_id": "943",
    "_rev": "1-98a4f289f88cc2591c33b768a3aa6ccd",
    "Ippan": false,
    "YumeNoIe": false,
    "G": false,
    "F": false,
    "A": false,
    "B": false,
    "iCube": true,
    "iSmart": true,
    "variety": "階段関係　（260+）",
    "hinban": "16-S10D6L",
    "buzai": "260+用パターン(通準幅階段)",
    "JWWFile": "185.8 16-S10D6L 260+.jww",
    "DXFFile": "185.8 16-S10D6L 260+.dxf",
    "documentType": "JWW"
    },
    {
    "_id": "944",
    "_rev": "1-5ede19eae1732cc3b43d21d7df75017b",
    "Ippan": false,
    "YumeNoIe": false,
    "G": false,
    "F": false,
    "A": false,
    "B": false,
    "iCube": true,
    "iSmart": true,
    "variety": "階段関係　（260+）",
    "hinban": "16-S10DM3L",
    "buzai": "260+用パターン(通準幅階段)",
    "JWWFile": "185.8 16-S10MD3L 260+.jww",
    "DXFFile": "185.8 16-S10DM3L 260+.dxf",
    "documentType": "JWW"
    },
    {
    "_id": "945",
    "_rev": "1-5f9d70ffd83c02adf8b90e6e17d5b866",
    "Ippan": false,
    "YumeNoIe": false,
    "G": false,
    "F": false,
    "A": false,
    "B": false,
    "iCube": true,
    "iSmart": true,
    "variety": "階段関係　（260+）",
    "hinban": "16-S10M4L",
    "buzai": "260+用パターン(通準幅階段)",
    "JWWFile": "185.8 16-S10M4L 260+.jww",
    "DXFFile": "185.8 16-S10M4L 260+.dxf",
    "documentType": "JWW"
    },
    {
    "_id": "946",
    "_rev": "1-51c93ec5e11474b1c71623b168a00d99",
    "Ippan": false,
    "YumeNoIe": false,
    "G": false,
    "F": false,
    "A": false,
    "B": false,
    "iCube": true,
    "iSmart": true,
    "variety": "階段関係　（260+）",
    "hinban": "16-S10MD3L",
    "buzai": "260+用パターン(通準幅階段)",
    "JWWFile": "185.8 16-S10MD3L 260+.jww",
    "DXFFile": "185.8 16-S10MD3L 260+.dxf",
    "documentType": "JWW"
    },
    {
    "_id": "947",
    "_rev": "1-233754489bbf0f864ad841e00fe53071",
    "Ippan": false,
    "YumeNoIe": false,
    "G": false,
    "F": false,
    "A": false,
    "B": false,
    "iCube": true,
    "iSmart": true,
    "variety": "階段関係　（260+）",
    "hinban": "16-S11D5L",
    "buzai": "260+用パターン(通準幅階段)",
    "JWWFile": "185.8 16-S11D5L 260+.jww",
    "DXFFile": "185.8 16-S11D5L 260+.dxf",
    "documentType": "JWW"
    },
    {
    "_id": "948",
    "_rev": "1-b4ab9f871bd8faa194879a12cc1d57a7",
    "Ippan": false,
    "YumeNoIe": false,
    "G": false,
    "F": false,
    "A": false,
    "B": false,
    "iCube": true,
    "iSmart": true,
    "variety": "階段関係　（260+）",
    "hinban": "16-S11M3L",
    "buzai": "260+用パターン(通準幅階段)",
    "JWWFile": "185.8 16-S11M3L 260+.jww",
    "DXFFile": "185.8 16-S11M3L 260+.dxf",
    "documentType": "JWW"
    },
    {
    "_id": "949",
    "_rev": "1-b8a3727ad08ad6f58217eda4d24f7125",
    "Ippan": false,
    "YumeNoIe": false,
    "G": false,
    "F": false,
    "A": false,
    "B": false,
    "iCube": true,
    "iSmart": true,
    "variety": "階段関係　（260+）",
    "hinban": "16-S12D4L",
    "buzai": "260+用パターン(通準幅階段)",
    "JWWFile": "185.8 16-S4DM9L 260+.jww",
    "DXFFile": "185.8 16-S12D4L 260+.dxf",
    "documentType": "JWW"
    },
    {
    "_id": "95",
    "_rev": "1-4c357da4a68ead5e5afb077938f3739c",
    "Ippan": false,
    "YumeNoIe": false,
    "G": false,
    "F": false,
    "A": false,
    "B": false,
    "iCube": true,
    "iSmart": true,
    "variety": "木調造作材",
    "hinban": "S-134.5",
    "buzai": "引き違いサッシ鴨居・敷居枠",
    "JWWFile": "S-134.5.jww",
    "DXFFile": "S-134.5.dxf",
    "documentType": "JWW"
    },
    {
    "_id": "950",
    "_rev": "1-6fe7fb6ce3c825efa1a5abb97c482e40",
    "Ippan": false,
    "YumeNoIe": false,
    "G": false,
    "F": false,
    "A": false,
    "B": false,
    "iCube": true,
    "iSmart": true,
    "variety": "階段関係　（260+）",
    "hinban": "16-S13D3L",
    "buzai": "260+用パターン(通準幅階段)",
    "JWWFile": "185.8 16-S13D3L 260+.jww",
    "DXFFile": "185.8 16-S13D3L 260+.dxf",
    "documentType": "JWW"
    },
    {
    "_id": "951",
    "_rev": "1-7a5f30da9dfd8494cf09d5733f08b1bc",
    "Ippan": false,
    "YumeNoIe": false,
    "G": false,
    "F": false,
    "A": false,
    "B": false,
    "iCube": true,
    "iSmart": true,
    "variety": "階段関係　（260+）",
    "hinban": "16-SNMM10L",
    "buzai": "260+用パターン(通準幅階段)",
    "JWWFile": "185.8 16-SNMM10L 260+.jww",
    "DXFFile": "185.8 16-SNMM10L 260+.dxf",
    "documentType": "JWW"
    },
    {
    "_id": "952",
    "_rev": "1-1aeac6f2a136cdee1104460b23055711",
    "Ippan": false,
    "YumeNoIe": false,
    "G": false,
    "F": false,
    "A": false,
    "B": false,
    "iCube": true,
    "iSmart": true,
    "variety": "階段関係　（260+）",
    "hinban": "16-SNN13L(H)",
    "buzai": "260+用パターン(通準幅階段)",
    "JWWFile": "185.8 16-SNN13L (H) 260+.jww",
    "DXFFile": "185.8 16-SNN13L (H) 260+.dxf",
    "documentType": "JWW"
    },
    {
    "_id": "953",
    "_rev": "1-2bbb642cd81c99e05bbbf16aff60b9dd",
    "Ippan": false,
    "YumeNoIe": false,
    "G": false,
    "F": false,
    "A": false,
    "B": false,
    "iCube": true,
    "iSmart": true,
    "variety": "階段関係　（260+）",
    "hinban": "16-SNN13L(K)",
    "buzai": "260+用パターン(通準幅階段)",
    "JWWFile": "185.8 16-SNN13L (K) 260+.jww",
    "DXFFile": "185.8 16-SNN13L (K) 260+.dxf",
    "documentType": "JWW"
    },
    {
    "_id": "954",
    "_rev": "1-091b6e8c44f943d1f32bd2348fd2171b",
    "Ippan": false,
    "YumeNoIe": false,
    "G": false,
    "F": false,
    "A": false,
    "B": false,
    "iCube": true,
    "iSmart": true,
    "variety": "階段関係　（260+）",
    "hinban": "16-S3D13L",
    "buzai": "260+用パターン(通準幅階段)",
    "JWWFile": "185.8 16-S3D13L 260+.jww",
    "DXFFile": "185.8 16-S3D13L 260+.dxf",
    "documentType": "JWW"
    },
    {
    "_id": "955",
    "_rev": "1-e39151b60602bf6cc6a800a340a817f4",
    "Ippan": false,
    "YumeNoIe": false,
    "G": false,
    "F": false,
    "A": false,
    "B": false,
    "iCube": true,
    "iSmart": true,
    "variety": "階段関係　（260+）",
    "hinban": "16-S3DM10R",
    "buzai": "260+用パターン(通準幅階段)",
    "JWWFile": "185.8 16-S3DM10R 260+.jww",
    "DXFFile": "185.8 16-S3DM10R 260+.dxf",
    "documentType": "JWW"
    },
    {
    "_id": "956",
    "_rev": "1-87ff12e78fbb92f90a807c22062833a0",
    "Ippan": false,
    "YumeNoIe": false,
    "G": false,
    "F": false,
    "A": false,
    "B": false,
    "iCube": true,
    "iSmart": true,
    "variety": "階段関係　（260+）",
    "hinban": "16-S3M11R",
    "buzai": "260+用パターン(通準幅階段)",
    "JWWFile": "185.8 16-S3M11R 260+.jww",
    "DXFFile": "185.8 16-S3M11R 260+.dxf",
    "documentType": "JWW"
    },
    {
    "_id": "957",
    "_rev": "1-83f873b69b8f3f9693b066fb01a89cb6",
    "Ippan": false,
    "YumeNoIe": false,
    "G": false,
    "F": false,
    "A": false,
    "B": false,
    "iCube": true,
    "iSmart": true,
    "variety": "階段関係　（260+）",
    "hinban": "16-S3MM8R",
    "buzai": "260+用パターン(通準幅階段)",
    "JWWFile": "185.8 16-S3MM8R 260+.jww",
    "DXFFile": "185.8 16-S3MM8R 260+.dxf",
    "documentType": "JWW"
    },
    {
    "_id": "958",
    "_rev": "1-13c4969623f94c71f0e41f53ca791dc5",
    "Ippan": false,
    "YumeNoIe": false,
    "G": false,
    "F": false,
    "A": false,
    "B": false,
    "iCube": true,
    "iSmart": true,
    "variety": "階段関係　（260+）",
    "hinban": "16-S4D12R",
    "buzai": "260+用パターン(通準幅階段)",
    "JWWFile": "185.8 16-S4D12R 260+.jww",
    "DXFFile": "185.8 16-S4D12R 260+.dxf",
    "documentType": "JWW"
    },
    {
    "_id": "959",
    "_rev": "1-5f1a7a06bbf98a9184d4c7336961954a",
    "Ippan": false,
    "YumeNoIe": false,
    "G": false,
    "F": false,
    "A": false,
    "B": false,
    "iCube": true,
    "iSmart": true,
    "variety": "階段関係　（260+）",
    "hinban": "16-S4DD11R",
    "buzai": "260+用パターン(通準幅階段)",
    "JWWFile": "185.8 16-S4DD11R 260+.jww",
    "DXFFile": "185.8 16-S4DD11R 260+.dxf",
    "documentType": "JWW"
    },
    {
    "_id": "96",
    "_rev": "1-bc995de07bf9e44031c1cc2bc3e8ded0",
    "Ippan": false,
    "YumeNoIe": false,
    "G": false,
    "F": false,
    "A": false,
    "B": false,
    "iCube": true,
    "iSmart": true,
    "variety": "木調造作材",
    "hinban": "S-137.5",
    "buzai": "引き違いサッシ縦枠",
    "JWWFile": "S-137.5.jww",
    "DXFFile": "S-137.5.dxf",
    "documentType": "JWW"
    },
    {
    "_id": "960",
    "_rev": "1-67b5cb21e9803271c5fedb4c94f286cc",
    "Ippan": false,
    "YumeNoIe": false,
    "G": false,
    "F": false,
    "A": false,
    "B": false,
    "iCube": true,
    "iSmart": true,
    "variety": "階段関係　（260+）",
    "hinban": "16-S4DM9R",
    "buzai": "260+用パターン(通準幅階段)",
    "JWWFile": "185.8 16-S4DM9R 260+.jww",
    "DXFFile": "185.8 16-S4DM9R 260+.dxf",
    "documentType": "JWW"
    },
    {
    "_id": "961",
    "_rev": "1-25d33ed0e21ce88c0781482dc4e0e020",
    "Ippan": false,
    "YumeNoIe": false,
    "G": false,
    "F": false,
    "A": false,
    "B": false,
    "iCube": true,
    "iSmart": true,
    "variety": "階段関係　（260+）",
    "hinban": "16-S4M10R",
    "buzai": "260+用パターン(通準幅階段)",
    "JWWFile": "185.8 16-S4M10R 260+.jww",
    "DXFFile": "185.8 16-S4M10R 260+.dxf",
    "documentType": "JWW"
    },
    {
    "_id": "962",
    "_rev": "1-96854d48bc61bebb6d5acd0621c81ae1",
    "Ippan": false,
    "YumeNoIe": false,
    "G": false,
    "F": false,
    "A": false,
    "B": false,
    "iCube": true,
    "iSmart": true,
    "variety": "階段関係　（260+）",
    "hinban": "16-S4MD9R",
    "buzai": "260+用パターン(通準幅階段)",
    "JWWFile": "185.8 16-S4MD9R 260+.jww",
    "DXFFile": "185.8 16-S4MD9R 260+.dxf",
    "documentType": "JWW"
    },
    {
    "_id": "963",
    "_rev": "1-0d59f0ec42656605df5fcabab7f38827",
    "Ippan": false,
    "YumeNoIe": false,
    "G": false,
    "F": false,
    "A": false,
    "B": false,
    "iCube": true,
    "iSmart": true,
    "variety": "階段関係　（260+）",
    "hinban": "16-S4MM7R",
    "buzai": "260+用パターン(通準幅階段)",
    "JWWFile": "185.8 16-S4MM7R 260+.jww",
    "DXFFile": "185.8 16-S4MM7R 260+.dxf",
    "documentType": "JWW"
    },
    {
    "_id": "964",
    "_rev": "1-431ded8f9e25c81a22b885ce595a6072",
    "Ippan": false,
    "YumeNoIe": false,
    "G": false,
    "F": false,
    "A": false,
    "B": false,
    "iCube": true,
    "iSmart": true,
    "variety": "階段関係　（260+）",
    "hinban": "16-S5D11R",
    "buzai": "260+用パターン(通準幅階段)",
    "JWWFile": "185.8 16-S5D11R 260+.jww",
    "DXFFile": "185.8 16-S5D11R 260+.dxf",
    "documentType": "JWW"
    },
    {
    "_id": "965",
    "_rev": "1-413741f5165afc5d76e8139d8ed2492e",
    "Ippan": false,
    "YumeNoIe": false,
    "G": false,
    "F": false,
    "A": false,
    "B": false,
    "iCube": true,
    "iSmart": true,
    "variety": "階段関係　（260+）",
    "hinban": "16-S5DD10R",
    "buzai": "260+用パターン(通準幅階段)",
    "JWWFile": "185.8 16-S5DD10R 260+.jww",
    "DXFFile": "185.8 16-S5DD10R 260+.dxf",
    "documentType": "JWW"
    },
    {
    "_id": "966",
    "_rev": "1-ef33235f6e9bbea0ab11f58ba76c34ad",
    "Ippan": false,
    "YumeNoIe": false,
    "G": false,
    "F": false,
    "A": false,
    "B": false,
    "iCube": true,
    "iSmart": true,
    "variety": "階段関係　（260+）",
    "hinban": "16-S5DM8R",
    "buzai": "260+用パターン(通準幅階段)",
    "JWWFile": "185.8 16-S5DM8R 260+.jww",
    "DXFFile": "185.8 16-S5DM8R 260+.dxf",
    "documentType": "JWW"
    },
    {
    "_id": "967",
    "_rev": "1-6c3837138f68c8fc8a78300eb0e65aad",
    "Ippan": false,
    "YumeNoIe": false,
    "G": false,
    "F": false,
    "A": false,
    "B": false,
    "iCube": true,
    "iSmart": true,
    "variety": "階段関係　（260+）",
    "hinban": "16-S5M9R",
    "buzai": "260+用パターン(通準幅階段)",
    "JWWFile": "185.8 16-S5M9R 260+.jww",
    "DXFFile": "185.8 16-S5M9R 260+.dxf",
    "documentType": "JWW"
    },
    {
    "_id": "968",
    "_rev": "1-9e331de5a23b5e82b305a4bb310b745a",
    "Ippan": false,
    "YumeNoIe": false,
    "G": false,
    "F": false,
    "A": false,
    "B": false,
    "iCube": true,
    "iSmart": true,
    "variety": "階段関係　（260+）",
    "hinban": "16-S5MD8R",
    "buzai": "260+用パターン(通準幅階段)",
    "JWWFile": "185.8 16-S5MD8R 260+.jww",
    "DXFFile": "185.8 16-S5MD8R 260+.dxf",
    "documentType": "JWW"
    },
    {
    "_id": "969",
    "_rev": "1-b4193ec1b21981d195d187ca928ba8c0",
    "Ippan": false,
    "YumeNoIe": false,
    "G": false,
    "F": false,
    "A": false,
    "B": false,
    "iCube": true,
    "iSmart": true,
    "variety": "階段関係　（260+）",
    "hinban": "16-S5MM6R",
    "buzai": "260+用パターン(通準幅階段)",
    "JWWFile": "185.8 16-S5MM6R 260+.jww",
    "DXFFile": "185.8 16-S5MM6R 260+.dxf",
    "documentType": "JWW"
    },
    {
    "_id": "97",
    "_rev": "1-6d3d83f6be3e32bb1ecc3e60d382a7ad",
    "Ippan": false,
    "YumeNoIe": false,
    "G": false,
    "F": false,
    "A": false,
    "B": false,
    "iCube": true,
    "iSmart": true,
    "variety": "木調造作材",
    "hinban": "S-179.5",
    "buzai": "FIX・開きサッシ鴨居・敷居枠",
    "JWWFile": "S-179.5.jww",
    "DXFFile": "S-179.5.dxf",
    "documentType": "JWW"
    },
    {
    "_id": "970",
    "_rev": "1-9b52c91ddc11dbc1a98af72e3fd54830",
    "Ippan": false,
    "YumeNoIe": false,
    "G": false,
    "F": false,
    "A": false,
    "B": false,
    "iCube": true,
    "iSmart": true,
    "variety": "階段関係　（260+）",
    "hinban": "16-S6D10R",
    "buzai": "260+用パターン(通準幅階段)",
    "JWWFile": "185.8 16-S6D10R 260+.jww",
    "DXFFile": "185.8 16-S6D10R 260+.dxf",
    "documentType": "JWW"
    },
    {
    "_id": "971",
    "_rev": "1-784ae548d2757246eb3f25f71d7d20cf",
    "Ippan": false,
    "YumeNoIe": false,
    "G": false,
    "F": false,
    "A": false,
    "B": false,
    "iCube": true,
    "iSmart": true,
    "variety": "階段関係　（260+）",
    "hinban": "16-S6DD9R",
    "buzai": "260+用パターン(通準幅階段)",
    "JWWFile": "185.8 16-S6DD9R 260+.jww",
    "DXFFile": "185.8 16-S6DD9R 260+.dxf",
    "documentType": "JWW"
    },
    {
    "_id": "972",
    "_rev": "1-439e528f87e160ee58269077123412f4",
    "Ippan": false,
    "YumeNoIe": false,
    "G": false,
    "F": false,
    "A": false,
    "B": false,
    "iCube": true,
    "iSmart": true,
    "variety": "階段関係　（260+）",
    "hinban": "16-S6M8R",
    "buzai": "260+用パターン(通準幅階段)",
    "JWWFile": "185.8 16-S6M8R 260+.jww",
    "DXFFile": "185.8 16-S6M8R 260+.dxf",
    "documentType": "JWW"
    },
    {
    "_id": "973",
    "_rev": "1-efd95d370d5a222317c9e6487af3252e",
    "Ippan": false,
    "YumeNoIe": false,
    "G": false,
    "F": false,
    "A": false,
    "B": false,
    "iCube": true,
    "iSmart": true,
    "variety": "階段関係　（260+）",
    "hinban": "16-S6MD7R",
    "buzai": "260+用パターン(通準幅階段)",
    "JWWFile": "185.8 16-S6MD7R 260+.jww",
    "DXFFile": "185.8 16-S6MD7R 260+.dxf",
    "documentType": "JWW"
    },
    {
    "_id": "974",
    "_rev": "1-722d6f5e7ef544eb77f5ada41a61378e",
    "Ippan": false,
    "YumeNoIe": false,
    "G": false,
    "F": false,
    "A": false,
    "B": false,
    "iCube": true,
    "iSmart": true,
    "variety": "階段関係　（260+）",
    "hinban": "16-S6MM5R",
    "buzai": "260+用パターン(通準幅階段)",
    "JWWFile": "185.8 16-S6MM5R 260+.jww",
    "DXFFile": "185.8 16-S6MM5R 260+.dxf",
    "documentType": "JWW"
    },
    {
    "_id": "975",
    "_rev": "1-fdb13d9fdeb17cc569a18319fa01f924",
    "Ippan": false,
    "YumeNoIe": false,
    "G": false,
    "F": false,
    "A": false,
    "B": false,
    "iCube": true,
    "iSmart": true,
    "variety": "階段関係　（260+）",
    "hinban": "16-S7D9R",
    "buzai": "260+用パターン(通準幅階段)",
    "JWWFile": "185.8 16-S7D9R 260+.jww",
    "DXFFile": "185.8 16-S7D9R 260+.dxf",
    "documentType": "JWW"
    },
    {
    "_id": "976",
    "_rev": "1-dcec6485350f7541684171feed97e285",
    "Ippan": false,
    "YumeNoIe": false,
    "G": false,
    "F": false,
    "A": false,
    "B": false,
    "iCube": true,
    "iSmart": true,
    "variety": "階段関係　（260+）",
    "hinban": "16-S7DD8R",
    "buzai": "260+用パターン(通準幅階段)",
    "JWWFile": "185.8 16-S7DD8R 260+.jww",
    "DXFFile": "185.8 16-S7DD8R 260+.dxf",
    "documentType": "JWW"
    },
    {
    "_id": "977",
    "_rev": "1-cf8cc971f858133520cdfd8365cba474",
    "Ippan": false,
    "YumeNoIe": false,
    "G": false,
    "F": false,
    "A": false,
    "B": false,
    "iCube": true,
    "iSmart": true,
    "variety": "階段関係　（260+）",
    "hinban": "16-S7DM6R",
    "buzai": "260+用パターン(通準幅階段)",
    "JWWFile": "185.8 16-S7DM6R 260+.jww",
    "DXFFile": "185.8 16-S7DM6R 260+.dxf",
    "documentType": "JWW"
    },
    {
    "_id": "978",
    "_rev": "1-48db6f6a655651d47efd6fa8c6e33dab",
    "Ippan": false,
    "YumeNoIe": false,
    "G": false,
    "F": false,
    "A": false,
    "B": false,
    "iCube": true,
    "iSmart": true,
    "variety": "階段関係　（260+）",
    "hinban": "16-S7M7R",
    "buzai": "260+用パターン(通準幅階段)",
    "JWWFile": "185.8 16-S7M7R 260+.jww",
    "DXFFile": "185.8 16-S7M7R 260+.dxf",
    "documentType": "JWW"
    },
    {
    "_id": "979",
    "_rev": "1-67e192a9a87ea8d3c14165dd3207a4fd",
    "Ippan": false,
    "YumeNoIe": false,
    "G": false,
    "F": false,
    "A": false,
    "B": false,
    "iCube": true,
    "iSmart": true,
    "variety": "階段関係　（260+）",
    "hinban": "16-S7MD6R",
    "buzai": "260+用パターン(通準幅階段)",
    "JWWFile": "185.8 16-S7MD6R 260+.jww",
    "DXFFile": "185.8 16-S7MD6R 260+.dxf",
    "documentType": "JWW"
    },
    {
    "_id": "98",
    "_rev": "1-5bfdcb4b3decf534e268721d1a021e15",
    "Ippan": false,
    "YumeNoIe": false,
    "G": false,
    "F": false,
    "A": false,
    "B": false,
    "iCube": true,
    "iSmart": true,
    "variety": "木調造作材",
    "hinban": "S-182.5",
    "buzai": "FIX・開きサッシ縦枠",
    "JWWFile": "S-182.5.jww",
    "DXFFile": "S-182.5.dxf",
    "documentType": "JWW"
    },
    {
    "_id": "980",
    "_rev": "1-421b7c447907004bbf0597e3c51ea669",
    "Ippan": false,
    "YumeNoIe": false,
    "G": false,
    "F": false,
    "A": false,
    "B": false,
    "iCube": true,
    "iSmart": true,
    "variety": "階段関係　（260+）",
    "hinban": "16-S7MM4R",
    "buzai": "260+用パターン(通準幅階段)",
    "JWWFile": "185.8 16-S7MM4R 260+.jww",
    "DXFFile": "185.8 16-S7MM4R 260+.dxf",
    "documentType": "JWW"
    },
    {
    "_id": "981",
    "_rev": "1-c9892a84b5846342b6d9d1e5c539c608",
    "Ippan": false,
    "YumeNoIe": false,
    "G": false,
    "F": false,
    "A": false,
    "B": false,
    "iCube": true,
    "iSmart": true,
    "variety": "階段関係　（260+）",
    "hinban": "16-S8D8R",
    "buzai": "260+用パターン(通準幅階段)",
    "JWWFile": "185.8 16-S8D8R 260+.jww",
    "DXFFile": "185.8 16-S8D8R 260+.dxf",
    "documentType": "JWW"
    },
    {
    "_id": "982",
    "_rev": "1-21b02b34f89f98e6c5ffeaf4dd6780b2",
    "Ippan": false,
    "YumeNoIe": false,
    "G": false,
    "F": false,
    "A": false,
    "B": false,
    "iCube": true,
    "iSmart": true,
    "variety": "階段関係　（260+）",
    "hinban": "16-S8DD7R",
    "buzai": "260+用パターン(通準幅階段)",
    "JWWFile": "185.8 16-S8DD7R 260+.jww",
    "DXFFile": "185.8 16-S8DD7R 260+.dxf",
    "documentType": "JWW"
    },
    {
    "_id": "983",
    "_rev": "1-4a3cbb4342052c263c817ae5c7ac419b",
    "Ippan": false,
    "YumeNoIe": false,
    "G": false,
    "F": false,
    "A": false,
    "B": false,
    "iCube": true,
    "iSmart": true,
    "variety": "階段関係　（260+）",
    "hinban": "16-S8DM5R",
    "buzai": "260+用パターン(通準幅階段)",
    "JWWFile": "185.8 16-S8DM5R 260+.jww",
    "DXFFile": "8 16-S8DM5R 260+.dxf",
    "documentType": "JWW"
    },
    {
    "_id": "984",
    "_rev": "1-39f319a33b4f6f4c62218c768a2c2a87",
    "Ippan": false,
    "YumeNoIe": false,
    "G": false,
    "F": false,
    "A": false,
    "B": false,
    "iCube": true,
    "iSmart": true,
    "variety": "階段関係　（260+）",
    "hinban": "16-S8M6R",
    "buzai": "260+用パターン(通準幅階段)",
    "JWWFile": "185.8 16-S8M6R 260+.jww",
    "DXFFile": "185.8 16-S8M6R 260+.dxf",
    "documentType": "JWW"
    },
    {
    "_id": "985",
    "_rev": "1-03591cf1642fe28fdf5e556ef8442864",
    "Ippan": false,
    "YumeNoIe": false,
    "G": false,
    "F": false,
    "A": false,
    "B": false,
    "iCube": true,
    "iSmart": true,
    "variety": "階段関係　（260+）",
    "hinban": "16-S8MD5R",
    "buzai": "260+用パターン(通準幅階段)",
    "JWWFile": "185.8 16-S8MD5R 260+.jww",
    "DXFFile": "185.8 16-S8MD5R 260+.dxf",
    "documentType": "JWW"
    },
    {
    "_id": "986",
    "_rev": "1-84a2c33bf2e053786d2fbdc197377277",
    "Ippan": false,
    "YumeNoIe": false,
    "G": false,
    "F": false,
    "A": false,
    "B": false,
    "iCube": true,
    "iSmart": true,
    "variety": "階段関係　（260+）",
    "hinban": "16-S8MM3R",
    "buzai": "260+用パターン(通準幅階段)",
    "JWWFile": "185.8 16-S8MM3R 260+.jww",
    "DXFFile": "185.8 16-S8MM3R 260+.dxf",
    "documentType": "JWW"
    },
    {
    "_id": "987",
    "_rev": "1-b6bc296201aa901e8da7305f9c8055a8",
    "Ippan": false,
    "YumeNoIe": false,
    "G": false,
    "F": false,
    "A": false,
    "B": false,
    "iCube": true,
    "iSmart": true,
    "variety": "階段関係　（260+）",
    "hinban": "16-S9D7R",
    "buzai": "260+用パターン(通準幅階段)",
    "JWWFile": "185.8 16-S9D7R 260+.jww",
    "DXFFile": "185.8 16-S9D7R 260+.dxf",
    "documentType": "JWW"
    },
    {
    "_id": "988",
    "_rev": "1-267acbef118cc8ab55b2739207de3906",
    "Ippan": false,
    "YumeNoIe": false,
    "G": false,
    "F": false,
    "A": false,
    "B": false,
    "iCube": true,
    "iSmart": true,
    "variety": "階段関係　（260+）",
    "hinban": "16-S9DD6R",
    "buzai": "260+用パターン(通準幅階段)",
    "JWWFile": "185.8 16-S9DD6R 260+.jww",
    "DXFFile": "185.8 16-S9DD6R 260+.dxf",
    "documentType": "JWW"
    },
    {
    "_id": "989",
    "_rev": "1-055aee252d3870e390bb4a23cd8b45c8",
    "Ippan": false,
    "YumeNoIe": false,
    "G": false,
    "F": false,
    "A": false,
    "B": false,
    "iCube": true,
    "iSmart": true,
    "variety": "階段関係　（260+）",
    "hinban": "16-S9DM4R",
    "buzai": "260+用パターン(通準幅階段)",
    "JWWFile": "185.8 16-S9DM4R 260+.jww",
    "DXFFile": "185.8 16-S9DM4R 260+.dxf",
    "documentType": "JWW"
    },
    {
    "_id": "99",
    "_rev": "1-89836321b35c58705da872bae9166f1a",
    "Ippan": false,
    "YumeNoIe": false,
    "G": false,
    "F": false,
    "A": false,
    "B": false,
    "iCube": true,
    "iSmart": true,
    "variety": "木調造作材",
    "hinban": "S-GS159.5",
    "buzai": "玄関サッシ枠鴨居（プロセレーネ）",
    "JWWFile": "S-GS159.5.jww",
    "DXFFile": "S-GS159.5.dxf",
    "documentType": "JWW"
    },
    {
    "_id": "990",
    "_rev": "1-cffb9a7d1967d3b7c0b5ae44d969d8fc",
    "Ippan": false,
    "YumeNoIe": false,
    "G": false,
    "F": false,
    "A": false,
    "B": false,
    "iCube": true,
    "iSmart": true,
    "variety": "階段関係　（260+）",
    "hinban": "16-S9M5R",
    "buzai": "260+用パターン(通準幅階段)",
    "JWWFile": "185.8 16-S9M5R 260+.jww",
    "DXFFile": "185.8 16-S9M5R 260+.dxf",
    "documentType": "JWW"
    },
    {
    "_id": "991",
    "_rev": "1-1232e082818731f9de21c265b5d1d7d5",
    "Ippan": false,
    "YumeNoIe": false,
    "G": false,
    "F": false,
    "A": false,
    "B": false,
    "iCube": true,
    "iSmart": true,
    "variety": "階段関係　（260+）",
    "hinban": "16-S9MD4R",
    "buzai": "260+用パターン(通準幅階段)",
    "JWWFile": "185.8 16-S9MD4R 260+.jww",
    "DXFFile": "185.8 16-S9MD4R 260+.dxf",
    "documentType": "JWW"
    },
    {
    "_id": "992",
    "_rev": "1-f9a7b71b70d6503ffa81e2e09d7cefcd",
    "Ippan": false,
    "YumeNoIe": false,
    "G": false,
    "F": false,
    "A": false,
    "B": false,
    "iCube": true,
    "iSmart": true,
    "variety": "階段関係　（260+）",
    "hinban": "16-S10D6R",
    "buzai": "260+用パターン(通準幅階段)",
    "JWWFile": "185.8 16-S10D6R 260+.jww",
    "DXFFile": "185.8 16-S10D6R 260+.dxf",
    "documentType": "JWW"
    },
    {
    "_id": "993",
    "_rev": "1-23848c6b35c7ccb843e7c18fe91e2ee2",
    "Ippan": false,
    "YumeNoIe": false,
    "G": false,
    "F": false,
    "A": false,
    "B": false,
    "iCube": true,
    "iSmart": true,
    "variety": "階段関係　（260+）",
    "hinban": "16-S10DM3R",
    "buzai": "260+用パターン(通準幅階段)",
    "JWWFile": "185.8 16-S10DM3R 260+.jww",
    "DXFFile": "185.8 16-S10DM3R 260+.dxf",
    "documentType": "JWW"
    },
    {
    "_id": "994",
    "_rev": "1-6f0fd4b1742b39282ab03538a9308958",
    "Ippan": false,
    "YumeNoIe": false,
    "G": false,
    "F": false,
    "A": false,
    "B": false,
    "iCube": true,
    "iSmart": true,
    "variety": "階段関係　（260+）",
    "hinban": "16-S10M4R",
    "buzai": "260+用パターン(通準幅階段)",
    "JWWFile": "185.8 16-S10M4R 260+.jww",
    "DXFFile": "185.8 16-S10M4R 260+.dxf",
    "documentType": "JWW"
    },
    {
    "_id": "995",
    "_rev": "1-19971cb36afc60f9857f3d5e333119b1",
    "Ippan": false,
    "YumeNoIe": false,
    "G": false,
    "F": false,
    "A": false,
    "B": false,
    "iCube": true,
    "iSmart": true,
    "variety": "階段関係　（260+）",
    "hinban": "16-S10MD3R",
    "buzai": "260+用パターン(通準幅階段)",
    "JWWFile": "185.8 16-S10MD3R 260+.jww",
    "DXFFile": "185.8 16-S10MD3R 260+.dxf",
    "documentType": "JWW"
    },
    {
    "_id": "996",
    "_rev": "1-17d036bd3937a30be0d25098dcfa575b",
    "Ippan": false,
    "YumeNoIe": false,
    "G": false,
    "F": false,
    "A": false,
    "B": false,
    "iCube": true,
    "iSmart": true,
    "variety": "階段関係　（260+）",
    "hinban": "16-S11D5R",
    "buzai": "260+用パターン(通準幅階段)",
    "JWWFile": "185.8 16-S11D5R 260+.jww",
    "DXFFile": "185.8 16-S11D5R 260+.dxf",
    "documentType": "JWW"
    },
    {
    "_id": "997",
    "_rev": "1-41f8eb54a7c7f82a56abfaa9c48e05d7",
    "Ippan": false,
    "YumeNoIe": false,
    "G": false,
    "F": false,
    "A": false,
    "B": false,
    "iCube": true,
    "iSmart": true,
    "variety": "階段関係　（260+）",
    "hinban": "16-S11M3R",
    "buzai": "260+用パターン(通準幅階段)",
    "JWWFile": "185.8 16-S11M3R 260+.jww",
    "DXFFile": "185.8 16-S11M3R 260+.dxf",
    "documentType": "JWW"
    },
    {
    "_id": "998",
    "_rev": "1-a666c77670da46c216697c9f865dee27",
    "Ippan": false,
    "YumeNoIe": false,
    "G": false,
    "F": false,
    "A": false,
    "B": false,
    "iCube": true,
    "iSmart": true,
    "variety": "階段関係　（260+）",
    "hinban": "16-S12D4R",
    "buzai": "260+用パターン(通準幅階段)",
    "JWWFile": "185.8 16-S12D4R 260+.jww",
    "DXFFile": "185.8 16-S12D4R 260+.dxf",
    "documentType": "JWW"
    },
    {
    "_id": "999",
    "_rev": "1-588da3f1385a965bad5e96be734d91bb",
    "Ippan": false,
    "YumeNoIe": false,
    "G": false,
    "F": false,
    "A": false,
    "B": false,
    "iCube": true,
    "iSmart": true,
    "variety": "階段関係　（260+）",
    "hinban": "16-S13D3R",
    "buzai": "260+用パターン(通準幅階段)",
    "JWWFile": "185.8 16-S13D3R 260+.jww",
    "DXFFile": "185.8 16-S13D3R 260+.dxf",
    "documentType": "JWW"
    }
]